epoch,lr,train_loss,train_acc,val_loss,test_acc
1,9.999999747378752e-05,4.807853698730469,0.01095999963581562,4.645621299743652,0.0142000000923872
2,9.999999747378752e-05,4.6650800704956055,0.01513999979943037,4.556045055389404,0.021299999207258224
3,9.999999747378752e-05,4.58184289932251,0.022099999710917473,4.48282527923584,0.03139999881386757
4,9.999999747378752e-05,4.4927077293396,0.033799998462200165,4.392908573150635,0.04399999976158142
5,9.999999747378752e-05,4.398077011108398,0.04490000009536743,4.2831196784973145,0.06859999895095825
6,9.999999747378752e-05,4.292427062988281,0.06270000338554382,4.169186115264893,0.09679999947547913
7,9.999999747378752e-05,4.178177833557129,0.0846799984574318,4.0386881828308105,0.12880000472068787
8,9.999999747378752e-05,4.048794746398926,0.10716000199317932,3.8991105556488037,0.15880000591278076
9,9.999999747378752e-05,3.9051597118377686,0.1333400011062622,3.745457410812378,0.1949000060558319
10,9.999999747378752e-05,3.756941318511963,0.1623000055551529,3.5855250358581543,0.23170000314712524
11,9.999999747378752e-05,3.5952675342559814,0.1950799971818924,3.4207847118377686,0.26899999380111694
12,9.999999747378752e-05,3.4321324825286865,0.2260800004005432,3.246054172515869,0.30869999527931213
13,9.999999747378752e-05,3.2627203464508057,0.25512000918388367,3.072709798812866,0.3402999937534332
14,9.999999747378752e-05,3.0951457023620605,0.28731998801231384,2.903191328048706,0.3709999918937683
15,9.999999747378752e-05,2.9347546100616455,0.3151800036430359,2.7379860877990723,0.4025999903678894
16,9.999999747378752e-05,2.78228759765625,0.3415200114250183,2.5870330333709717,0.435699999332428
17,9.999999747378752e-05,2.6411008834838867,0.3675999939441681,2.4437382221221924,0.46219998598098755
18,9.999999747378752e-05,2.503044366836548,0.39146000146865845,2.3105688095092773,0.48570001125335693
19,9.999999747378752e-05,2.37894344329834,0.4155200123786926,2.1909666061401367,0.507099986076355
20,9.999999747378752e-05,2.263232946395874,0.4374000132083893,2.0853240489959717,0.5263000130653381
21,9.999999747378752e-05,2.1653714179992676,0.4546799957752228,1.9864089488983154,0.5443999767303467
22,9.999999747378752e-05,2.078550338745117,0.47308000922203064,1.895389437675476,0.5575000047683716
23,9.999999747378752e-05,1.9854642152786255,0.4946399927139282,1.8154369592666626,0.5766000151634216
24,9.999999747378752e-05,1.912111759185791,0.5054799914360046,1.7451132535934448,0.5882999897003174
25,9.999999747378752e-05,1.8433287143707275,0.5192000269889832,1.6798315048217773,0.5968999862670898
26,9.999999747378752e-05,1.782355785369873,0.5369399785995483,1.6176203489303589,0.6121000051498413
27,9.999999747378752e-05,1.720747947692871,0.5484200119972229,1.5653668642044067,0.621399998664856
28,9.999999747378752e-05,1.6666653156280518,0.5608800053596497,1.5200196504592896,0.6288999915122986
29,9.999999747378752e-05,1.6135828495025635,0.5723000168800354,1.4728586673736572,0.6399999856948853
30,9.999999747378752e-05,1.5661019086837769,0.5827800035476685,1.427794337272644,0.6474999785423279
31,9.999999747378752e-05,1.5268281698226929,0.5899199843406677,1.394567608833313,0.6521000266075134
32,9.999999747378752e-05,1.4870785474777222,0.5984600186347961,1.3533425331115723,0.6593000292778015
33,9.999999747378752e-05,1.4498416185379028,0.6074399948120117,1.323110580444336,0.6680999994277954
34,9.999999747378752e-05,1.4106149673461914,0.6173400282859802,1.2920714616775513,0.671999990940094
35,9.999999747378752e-05,1.3844712972640991,0.6194199919700623,1.2608317136764526,0.6765999794006348
36,9.999999747378752e-05,1.3519701957702637,0.6273599863052368,1.2346712350845337,0.6804999709129333
37,9.999999747378752e-05,1.3242056369781494,0.6360999941825867,1.2098276615142822,0.6859999895095825
38,9.999999747378752e-05,1.2944436073303223,0.6413999795913696,1.1887640953063965,0.6879000067710876
39,9.999999747378752e-05,1.2679390907287598,0.6485000252723694,1.170348882675171,0.6930000185966492
40,9.999999747378752e-05,1.246638536453247,0.6551399827003479,1.1449170112609863,0.6995000243186951
41,9.999999747378752e-05,1.224373459815979,0.6602399945259094,1.1234618425369263,0.7050999999046326
42,9.999999747378752e-05,1.20430588722229,0.6623200178146362,1.1067150831222534,0.7070000171661377
43,9.999999747378752e-05,1.1823744773864746,0.6685199737548828,1.0922900438308716,0.7095000147819519
44,9.999999747378752e-05,1.1578071117401123,0.6756799817085266,1.0710192918777466,0.713100016117096
45,9.999999747378752e-05,1.1410081386566162,0.6777799725532532,1.0544575452804565,0.7178000211715698
46,9.999999747378752e-05,1.1246646642684937,0.6832799911499023,1.0408728122711182,0.7192999720573425
47,9.999999747378752e-05,1.1053016185760498,0.6882399916648865,1.0223952531814575,0.7253000140190125
48,9.999999747378752e-05,1.088600993156433,0.6930199861526489,1.0085673332214355,0.7253999710083008
49,9.999999747378752e-05,1.0726052522659302,0.6966000199317932,0.9975206851959229,0.7299000024795532
50,9.999999747378752e-05,1.0569016933441162,0.7009400129318237,0.9857491254806519,0.7337999939918518
51,9.999999747378752e-05,1.0438612699508667,0.7036600112915039,0.9754596948623657,0.7329999804496765
52,9.999999747378752e-05,1.0272715091705322,0.7075600028038025,0.9619563221931458,0.7376000285148621
53,9.999999747378752e-05,1.0159022808074951,0.7104399800300598,0.9554542899131775,0.7386000156402588
54,9.999999747378752e-05,1.00149667263031,0.7119799852371216,0.9384804964065552,0.7421000003814697
55,9.999999747378752e-05,0.9912773966789246,0.7155799865722656,0.9288309812545776,0.741599977016449
56,9.999999747378752e-05,0.9779717922210693,0.7184600234031677,0.9188326001167297,0.7437000274658203
57,9.999999747378752e-05,0.9643928408622742,0.7248200178146362,0.9100488424301147,0.7465999722480774
58,9.999999747378752e-05,0.9551399946212769,0.7244600057601929,0.9005241394042969,0.7505999803543091
59,9.999999747378752e-05,0.9490432739257812,0.7251799702644348,0.8907533288002014,0.7504000067710876
60,9.999999747378752e-05,0.9316449761390686,0.7315800189971924,0.8795401453971863,0.7508999705314636
61,9.999999747378752e-05,0.9209168553352356,0.7344599962234497,0.8705630898475647,0.7540000081062317
62,9.999999747378752e-05,0.9124435782432556,0.7376800179481506,0.8685556650161743,0.7547000050544739
63,9.999999747378752e-05,0.899695098400116,0.7423200011253357,0.8568370938301086,0.758400022983551
64,9.999999747378752e-05,0.8904118537902832,0.7405999898910522,0.8512946367263794,0.7583000063896179
65,9.999999747378752e-05,0.8872827887535095,0.7429599761962891,0.8422355651855469,0.7605999708175659
66,9.999999747378752e-05,0.8756962418556213,0.7489200234413147,0.8368799686431885,0.7631000280380249
67,9.999999747378752e-05,0.8658382892608643,0.7482799887657166,0.8334490060806274,0.7641000151634216
68,9.999999747378752e-05,0.8582735061645508,0.7498999834060669,0.8259251117706299,0.7645999789237976
69,9.999999747378752e-05,0.8463416695594788,0.7544000148773193,0.8177422881126404,0.7662000060081482
70,9.999999747378752e-05,0.839789628982544,0.7568399906158447,0.8075163960456848,0.7681999802589417
71,9.999999747378752e-05,0.835594117641449,0.7561200261116028,0.8028542399406433,0.7685999870300293
72,9.999999747378752e-05,0.8261386156082153,0.7595800161361694,0.8012847304344177,0.7694000005722046
73,9.999999747378752e-05,0.8225045204162598,0.7600600123405457,0.792861819267273,0.7714999914169312
74,9.999999747378752e-05,0.8131200671195984,0.7632200121879578,0.784398078918457,0.7746000289916992
75,9.999999747378752e-05,0.8056849241256714,0.7630199790000916,0.781238853931427,0.7741000056266785
76,9.999999747378752e-05,0.7998062372207642,0.7659199833869934,0.7712823152542114,0.777999997138977
77,9.000000136438757e-05,0.7930961847305298,0.7685400247573853,0.774793803691864,0.777999997138977
78,9.000000136438757e-05,0.7856096029281616,0.7697399854660034,0.7660946846008301,0.7778000235557556
79,8.099999831756577e-05,0.7777146697044373,0.7717599868774414,0.7661490440368652,0.7782999873161316
80,8.099999831756577e-05,0.7741519808769226,0.773419976234436,0.7578876614570618,0.7810999751091003
81,8.099999831756577e-05,0.768618106842041,0.7731999754905701,0.756202757358551,0.7800999879837036
82,8.099999831756577e-05,0.7635725140571594,0.7756800055503845,0.7555367350578308,0.781000018119812
83,8.099999831756577e-05,0.7594702243804932,0.7751200199127197,0.7466659545898438,0.7832000255584717
84,8.099999831756577e-05,0.7559333443641663,0.7773000001907349,0.7435579299926758,0.7840999960899353
85,8.099999831756577e-05,0.7482996582984924,0.7801399827003479,0.738756537437439,0.7850000262260437
86,7.2900002123788e-05,0.7449469566345215,0.7810400128364563,0.7417976260185242,0.7854999899864197
87,7.2900002123788e-05,0.7429732084274292,0.7817000150680542,0.7370443940162659,0.7853000164031982
88,7.2900002123788e-05,0.7349706292152405,0.7829200029373169,0.7289198040962219,0.7886999845504761
89,6.56100019114092e-05,0.7341705560684204,0.7832199931144714,0.73276686668396,0.7853999733924866
90,6.56100019114092e-05,0.7270412445068359,0.7856199741363525,0.7234620451927185,0.7871999740600586
91,6.56100019114092e-05,0.724819540977478,0.7837600111961365,0.721627414226532,0.788100004196167
92,6.56100019114092e-05,0.7191555500030518,0.7875800132751465,0.7202597856521606,0.7882000207901001
93,6.56100019114092e-05,0.7179703712463379,0.7887399792671204,0.7179285883903503,0.7900999784469604
94,6.56100019114092e-05,0.7169241309165955,0.7873799800872803,0.7172076106071472,0.7904000282287598
95,6.56100019114092e-05,0.7142152190208435,0.7875999808311462,0.7145640850067139,0.7900999784469604
96,5.904900172026828e-05,0.7098739147186279,0.7917799949645996,0.7152111530303955,0.7893999814987183
97,5.904900172026828e-05,0.7027676701545715,0.7903000116348267,0.7094092965126038,0.7924000024795532
98,5.904900172026828e-05,0.7034193873405457,0.7906799912452698,0.7060838341712952,0.7932999730110168
99,5.904900172026828e-05,0.6994683742523193,0.7932599782943726,0.7027347087860107,0.7930999994277954
100,5.314410009304993e-05,0.6973127126693726,0.7927600145339966,0.7043780088424683,0.792900025844574
101,4.7829689719947055e-05,0.6955881118774414,0.7938399910926819,0.7048021554946899,0.7922999858856201
102,4.7829689719947055e-05,0.6907238364219666,0.7945399880409241,0.7002906799316406,0.7932999730110168
103,4.7829689719947055e-05,0.6882947087287903,0.7950400114059448,0.6972480416297913,0.7942000031471252
104,4.7829689719947055e-05,0.6864968538284302,0.7946599721908569,0.6963030099868774,0.7926999926567078
105,4.7829689719947055e-05,0.6827408075332642,0.795960009098053,0.6929007172584534,0.7947999835014343
106,4.7829689719947055e-05,0.6847432255744934,0.7956399917602539,0.6927675008773804,0.795799970626831
107,4.7829689719947055e-05,0.6774954199790955,0.7994199991226196,0.6916626691818237,0.7943000197410583
108,4.3046718928962946e-05,0.6761949062347412,0.7990400195121765,0.6927934288978577,0.7937999963760376
109,4.3046718928962946e-05,0.6770032644271851,0.796720027923584,0.6880518198013306,0.7964000105857849
110,4.3046718928962946e-05,0.6713531017303467,0.7998999953269958,0.6872904300689697,0.7955999970436096
111,3.874204776366241e-05,0.669137179851532,0.8011199831962585,0.6874547600746155,0.7958999872207642
112,3.874204776366241e-05,0.6723467111587524,0.7977399826049805,0.686302900314331,0.7967000007629395
113,3.874204776366241e-05,0.6677233576774597,0.8006600141525269,0.6856065988540649,0.7961000204086304
114,3.874204776366241e-05,0.6639674305915833,0.8018199801445007,0.682647705078125,0.7975000143051147
115,3.4867844078689814e-05,0.6681181192398071,0.8000400066375732,0.6825931668281555,0.7968999743461609
116,3.138105967082083e-05,0.666122317314148,0.8011400103569031,0.6832616925239563,0.796999990940094
117,3.138105967082083e-05,0.6607792377471924,0.8018400073051453,0.6801532506942749,0.7980999946594238
118,3.138105967082083e-05,0.6626209616661072,0.8028200268745422,0.6798006296157837,0.7990000247955322
119,2.824295370373875e-05,0.6580652594566345,0.8038399815559387,0.6797376871109009,0.7997000217437744
120,2.824295370373875e-05,0.6569065451622009,0.8037400245666504,0.6786200404167175,0.7993000149726868
121,2.824295370373875e-05,0.6558992862701416,0.8035200238227844,0.6766290664672852,0.7989000082015991
122,2.824295370373875e-05,0.657313346862793,0.8047199845314026,0.6760415434837341,0.7982000112533569
123,2.5418657969566993e-05,0.6522551774978638,0.805400013923645,0.6760886311531067,0.7986000180244446
124,2.5418657969566993e-05,0.652309775352478,0.8057000041007996,0.6748160123825073,0.7997999787330627
125,2.5418657969566993e-05,0.6520373225212097,0.8031600117683411,0.6740016341209412,0.7986999750137329
126,2.2876793082104996e-05,0.6504544615745544,0.8050400018692017,0.674211859703064,0.7980999946594238
127,2.2876793082104996e-05,0.6509224772453308,0.8064000010490417,0.6723116636276245,0.8001000285148621
128,2.0589113773894496e-05,0.6507456302642822,0.8053200244903564,0.6725718975067139,0.7997999787330627
129,2.0589113773894496e-05,0.6483694911003113,0.8055199980735779,0.6706170439720154,0.8014000058174133
130,1.8530201487010345e-05,0.6448038816452026,0.8062999844551086,0.6722764372825623,0.8003000020980835
131,1.8530201487010345e-05,0.6461473703384399,0.8060799837112427,0.6697253584861755,0.8016999959945679
132,1.667718061071355e-05,0.645524263381958,0.8061400055885315,0.6698094010353088,0.8004999756813049
133,1.667718061071355e-05,0.6467499732971191,0.8050000071525574,0.6686878800392151,0.8015000224113464
134,1.5009462913440075e-05,0.6440224051475525,0.8055800199508667,0.6687070727348328,0.8022000193595886
135,1.5009462913440075e-05,0.6435307860374451,0.8080400228500366,0.6680566668510437,0.8001999855041504
136,1.3508516531146597e-05,0.6428312659263611,0.8061599731445312,0.668254017829895,0.8016999959945679
137,1.3508516531146597e-05,0.6420490145683289,0.8086199760437012,0.6675241589546204,0.800000011920929
138,1.3508516531146597e-05,0.6407515406608582,0.8085600137710571,0.6670045852661133,0.8016999959945679
139,1.2157664968981408e-05,0.6413882970809937,0.8096399903297424,0.6673644781112671,0.8012999892234802
140,1.2157664968981408e-05,0.6393886804580688,0.809440016746521,0.6667596101760864,0.8019000291824341
141,1.2157664968981408e-05,0.6399661898612976,0.8088200092315674,0.6655178666114807,0.801800012588501
142,1.0941898835881148e-05,0.6420884132385254,0.8065000176429749,0.6655577421188354,0.8026000261306763
143,9.999999747378752e-06,0.642460286617279,0.8082000017166138,0.6659954786300659,0.802299976348877
144,9.999999747378752e-06,0.640145480632782,0.807420015335083,0.6653721928596497,0.8021000027656555
145,9.999999747378752e-06,0.6391050815582275,0.8101000189781189,0.6653789281845093,0.8015999794006348
146,9.999999747378752e-06,0.6384803652763367,0.8080000281333923,0.6651552319526672,0.8027999997138977
147,9.999999747378752e-06,0.6366124153137207,0.8108199834823608,0.6643846035003662,0.8033999800682068
148,9.999999747378752e-06,0.6402607560157776,0.8077999949455261,0.6642101407051086,0.8033000230789185
149,9.999999747378752e-06,0.6381813287734985,0.809939980506897,0.6636866927146912,0.8033999800682068
150,9.999999747378752e-06,0.6386058330535889,0.8098599910736084,0.6646350026130676,0.8023999929428101
151,9.999999747378752e-06,0.63655024766922,0.8082600235939026,0.6646931767463684,0.8029999732971191
152,9.999999747378752e-06,0.635844886302948,0.8115599751472473,0.663260817527771,0.8026000261306763
153,9.999999747378752e-06,0.6361408829689026,0.8082399964332581,0.6643261313438416,0.8027999997138977
154,9.999999747378752e-06,0.6370565891265869,0.8101599812507629,0.6641291379928589,0.8027999997138977
155,9.999999747378752e-06,0.6362561583518982,0.8095200061798096,0.6627835035324097,0.8032000064849854
156,9.999999747378752e-06,0.6310879588127136,0.8097599744796753,0.6626184582710266,0.803600013256073
157,9.999999747378752e-06,0.6344586610794067,0.8094199895858765,0.6621361374855042,0.8041999936103821
158,9.999999747378752e-06,0.6332863569259644,0.8095999956130981,0.662165105342865,0.8033000230789185
159,9.999999747378752e-06,0.6317477226257324,0.8091999888420105,0.6619648933410645,0.8026999831199646
160,9.999999747378752e-06,0.6300957202911377,0.8116400241851807,0.6614671349525452,0.8030999898910522
161,9.999999747378752e-06,0.6333961486816406,0.8101999759674072,0.6610681414604187,0.8039000034332275
162,9.999999747378752e-06,0.6314272284507751,0.8113399744033813,0.6610370874404907,0.8029000163078308
163,9.999999747378752e-06,0.6300250887870789,0.810920000076294,0.6619016528129578,0.8027999997138977
164,9.999999747378752e-06,0.6307375431060791,0.8108199834823608,0.6615814566612244,0.8029999732971191
165,9.999999747378752e-06,0.6303015351295471,0.8112599849700928,0.6610594391822815,0.8044999837875366
166,9.999999747378752e-06,0.6295503973960876,0.8106799721717834,0.6606764197349548,0.8037999868392944
167,9.999999747378752e-06,0.6277564764022827,0.8120800256729126,0.6604309678077698,0.8030999898910522
168,9.999999747378752e-06,0.6293326616287231,0.8118600249290466,0.6603949069976807,0.8030999898910522
169,9.999999747378752e-06,0.6293407678604126,0.8105400204658508,0.6611329913139343,0.8030999898910522
170,9.999999747378752e-06,0.6286558508872986,0.8111799955368042,0.6594480872154236,0.8036999702453613
171,9.999999747378752e-06,0.6291099190711975,0.8105000257492065,0.6602524518966675,0.803600013256073
172,9.999999747378752e-06,0.6307743191719055,0.8092600107192993,0.6590955257415771,0.8044000267982483
173,9.999999747378752e-06,0.6299498677253723,0.8124200105667114,0.6588187217712402,0.8043000102043152
174,9.999999747378752e-06,0.6279042363166809,0.8106399774551392,0.6592706441879272,0.8047999739646912
175,9.999999747378752e-06,0.6260300278663635,0.8123000264167786,0.6587738990783691,0.8043000102043152
176,9.999999747378752e-06,0.6235816478729248,0.8120999932289124,0.6587418913841248,0.8050000071525574
177,9.999999747378752e-06,0.626218855381012,0.8118000030517578,0.6574519276618958,0.8039000034332275
178,9.999999747378752e-06,0.6270772814750671,0.8105599880218506,0.6584681868553162,0.8036999702453613
179,9.999999747378752e-06,0.6266272664070129,0.8127999901771545,0.6567076444625854,0.8057000041007996
180,9.999999747378752e-06,0.6260619759559631,0.8109800219535828,0.6573760509490967,0.804099977016449
181,9.999999747378752e-06,0.6264408230781555,0.8119000196456909,0.6565960645675659,0.8047999739646912
182,9.999999747378752e-06,0.6229349374771118,0.8121399879455566,0.6570257544517517,0.8043000102043152
183,9.999999747378752e-06,0.6219741106033325,0.8132200241088867,0.6570643782615662,0.8052999973297119
184,9.999999747378752e-06,0.6263318061828613,0.8120999932289124,0.65708327293396,0.8047999739646912
185,9.999999747378752e-06,0.6260700225830078,0.8116599917411804,0.6559922099113464,0.8061000108718872
186,9.999999747378752e-06,0.6254688501358032,0.8119000196456909,0.6570964455604553,0.8051000237464905
187,9.999999747378752e-06,0.623315691947937,0.8123999834060669,0.655052900314331,0.8047999739646912
188,9.999999747378752e-06,0.6236576437950134,0.8126199841499329,0.6547250747680664,0.8047000169754028
189,9.999999747378752e-06,0.6238242983818054,0.811959981918335,0.655876636505127,0.8037999868392944
190,9.999999747378752e-06,0.6208175420761108,0.8143600225448608,0.6540340781211853,0.8055999875068665
191,9.999999747378752e-06,0.6237549781799316,0.8125,0.6536034941673279,0.8051000237464905
192,9.999999747378752e-06,0.6239238381385803,0.8116199970245361,0.6545360088348389,0.8055999875068665
193,9.999999747378752e-06,0.6220258474349976,0.8129799962043762,0.6539769768714905,0.8062000274658203
194,9.999999747378752e-06,0.6219198107719421,0.8131399750709534,0.6534962058067322,0.8058000206947327
195,9.999999747378752e-06,0.6244069337844849,0.8134999871253967,0.6540669202804565,0.805400013923645
196,9.999999747378752e-06,0.6209569573402405,0.8141599893569946,0.6534948945045471,0.805899977684021
197,9.999999747378752e-06,0.6212378740310669,0.8142200112342834,0.6530658602714539,0.8055999875068665
198,9.999999747378752e-06,0.6194131970405579,0.8139200210571289,0.6521559357643127,0.8061000108718872
199,9.999999747378752e-06,0.6166632175445557,0.8147000074386597,0.6531776785850525,0.8061000108718872
200,9.999999747378752e-06,0.6194078922271729,0.8141800165176392,0.6524818539619446,0.8050000071525574
201,9.999999747378752e-06,0.6183099746704102,0.8149799704551697,0.6529232263565063,0.8057000041007996
202,9.999999747378752e-06,0.616949737071991,0.8136000037193298,0.6524513363838196,0.8069000244140625
203,9.999999747378752e-06,0.6162415742874146,0.8154799938201904,0.6520321369171143,0.8066999912261963
204,9.999999747378752e-06,0.6186927556991577,0.8137000203132629,0.6514908075332642,0.805400013923645
205,9.999999747378752e-06,0.6171953082084656,0.8154799938201904,0.6521555185317993,0.8051000237464905
206,9.999999747378752e-06,0.617048442363739,0.8152199983596802,0.6506839990615845,0.8062000274658203
207,9.999999747378752e-06,0.616014838218689,0.8151999711990356,0.6508212685585022,0.8062999844551086
208,9.999999747378752e-06,0.6175543069839478,0.8141800165176392,0.6516873836517334,0.8069999814033508
209,9.999999747378752e-06,0.6142274737358093,0.8154399991035461,0.6494340896606445,0.8070999979972839
210,9.999999747378752e-06,0.6145166754722595,0.8145800232887268,0.6491093039512634,0.8065999746322632
211,9.999999747378752e-06,0.6156574487686157,0.8151800036430359,0.6492800712585449,0.8077999949455261
212,9.999999747378752e-06,0.6160337924957275,0.8149600028991699,0.6491873264312744,0.8069999814033508
213,9.999999747378752e-06,0.6144260764122009,0.8141400218009949,0.6495258808135986,0.8069000244140625
214,9.999999747378752e-06,0.6146305799484253,0.815280020236969,0.6481385827064514,0.8066999912261963
215,9.999999747378752e-06,0.6135664582252502,0.8161399960517883,0.6491228342056274,0.8055999875068665
216,9.999999747378752e-06,0.614847719669342,0.8129199743270874,0.6489277482032776,0.807200014591217
217,9.999999747378752e-06,0.6146469712257385,0.814300000667572,0.6495601534843445,0.805899977684021
218,9.999999747378752e-06,0.6111901998519897,0.8168200254440308,0.6494488716125488,0.8066999912261963
219,9.999999747378752e-06,0.6116492748260498,0.8162999749183655,0.6489707231521606,0.8072999715805054
220,9.999999747378752e-06,0.6145454049110413,0.8134199976921082,0.6483806371688843,0.8080000281333923
221,9.999999747378752e-06,0.6123309135437012,0.8146600127220154,0.648550808429718,0.8070999979972839
222,9.999999747378752e-06,0.6131649017333984,0.8158400058746338,0.6472681164741516,0.8079000115394592
223,9.999999747378752e-06,0.6117163896560669,0.8174800276756287,0.6477106809616089,0.8075000047683716
224,9.999999747378752e-06,0.6068553924560547,0.8180999755859375,0.6483928561210632,0.807699978351593
225,9.999999747378752e-06,0.6110227108001709,0.8163800239562988,0.6469484567642212,0.8079000115394592
226,9.999999747378752e-06,0.6117416024208069,0.8166800141334534,0.6462408304214478,0.8080000281333923
227,9.999999747378752e-06,0.6098843216896057,0.8174399733543396,0.6470740437507629,0.8080000281333923
228,9.999999747378752e-06,0.6097819805145264,0.8144999742507935,0.6461498141288757,0.8073999881744385
229,9.999999747378752e-06,0.6104452013969421,0.8166999816894531,0.6465681195259094,0.8072999715805054
230,9.999999747378752e-06,0.6070045828819275,0.8174399733543396,0.6460789442062378,0.8070999979972839
231,9.999999747378752e-06,0.6113755702972412,0.8147799968719482,0.6459208130836487,0.8082000017166138
232,9.999999747378752e-06,0.605326235294342,0.8189200162887573,0.6459183692932129,0.8087000250816345
233,9.999999747378752e-06,0.605108916759491,0.8177400231361389,0.6451685428619385,0.8080999851226807
234,9.999999747378752e-06,0.6075476408004761,0.8155400156974792,0.6449280381202698,0.8083999752998352
235,9.999999747378752e-06,0.6055322885513306,0.8167999982833862,0.64534592628479,0.8073999881744385
236,9.999999747378752e-06,0.6057567596435547,0.8189399838447571,0.6445252299308777,0.808899998664856
237,9.999999747378752e-06,0.6086083650588989,0.8161600232124329,0.6440120339393616,0.8082000017166138
238,9.999999747378752e-06,0.6077795028686523,0.8171799778938293,0.6442773938179016,0.8082000017166138
239,9.999999747378752e-06,0.607774019241333,0.8151000142097473,0.6450834274291992,0.8076000213623047
240,9.999999747378752e-06,0.6042863130569458,0.8179000020027161,0.644900381565094,0.8077999949455261
241,9.999999747378752e-06,0.6075738072395325,0.8172000050544739,0.6440383195877075,0.8075000047683716
242,9.999999747378752e-06,0.6042554378509521,0.818120002746582,0.6427013278007507,0.808899998664856
243,9.999999747378752e-06,0.6060935854911804,0.8161399960517883,0.6436507701873779,0.8090000152587891
244,9.999999747378752e-06,0.6015681028366089,0.8188199996948242,0.643302857875824,0.8077999949455261
245,9.999999747378752e-06,0.6061686873435974,0.8165199756622314,0.642941951751709,0.8093000054359436
246,9.999999747378752e-06,0.6018577218055725,0.8185200095176697,0.6422763466835022,0.8090000152587891
247,9.999999747378752e-06,0.6043434143066406,0.8185200095176697,0.6422439813613892,0.809499979019165
248,9.999999747378752e-06,0.6050317287445068,0.8179000020027161,0.6408611536026001,0.8095999956130981
249,9.999999747378752e-06,0.6013932824134827,0.8191400170326233,0.6412850618362427,0.8087999820709229
250,9.999999747378752e-06,0.600794792175293,0.8195800185203552,0.6421809792518616,0.8090999722480774
251,9.999999747378752e-06,0.6007952690124512,0.820900022983551,0.6419634819030762,0.8094000220298767
252,9.999999747378752e-06,0.6026439666748047,0.8185799717903137,0.6414954662322998,0.809499979019165
253,9.999999747378752e-06,0.6009083390235901,0.819379985332489,0.6407591104507446,0.809499979019165
254,9.999999747378752e-06,0.6030589938163757,0.8191999793052673,0.640652596950531,0.8095999956130981
255,9.999999747378752e-06,0.6032054424285889,0.8172799944877625,0.6407116651535034,0.8097000122070312
256,9.999999747378752e-06,0.6023324728012085,0.82014000415802,0.6404564380645752,0.8104000091552734
257,9.999999747378752e-06,0.5998689532279968,0.8199800252914429,0.6399288177490234,0.8094000220298767
258,9.999999747378752e-06,0.6016693711280823,0.8195000290870667,0.6401558518409729,0.8101000189781189
259,9.999999747378752e-06,0.6021445989608765,0.8192999958992004,0.6407594680786133,0.8091999888420105
260,9.999999747378752e-06,0.5969670414924622,0.8204799890518188,0.6395127177238464,0.8108000159263611
261,9.999999747378752e-06,0.5989227294921875,0.8201199769973755,0.6396415829658508,0.8105000257492065
262,9.999999747378752e-06,0.5983497500419617,0.8208000063896179,0.6392073035240173,0.8093000054359436
263,9.999999747378752e-06,0.5982736945152283,0.8203200101852417,0.6385180950164795,0.8097000122070312
264,9.999999747378752e-06,0.5964342951774597,0.8192399740219116,0.6384234428405762,0.8093000054359436
265,9.999999747378752e-06,0.5981523990631104,0.8197199702262878,0.6388517022132874,0.8098000288009644
266,9.999999747378752e-06,0.5940686464309692,0.8202800154685974,0.6390088796615601,0.8093000054359436
267,9.999999747378752e-06,0.5988470911979675,0.8189200162887573,0.6379774808883667,0.8095999956130981
268,9.999999747378752e-06,0.5965373516082764,0.8203999996185303,0.6382250785827637,0.8100000023841858
269,9.999999747378752e-06,0.5963448286056519,0.8204200267791748,0.6385156512260437,0.8097000122070312
270,9.999999747378752e-06,0.5976821780204773,0.8200799822807312,0.6372602581977844,0.8105000257492065
271,9.999999747378752e-06,0.5986241698265076,0.8189399838447571,0.6377784609794617,0.8105999827384949
272,9.999999747378752e-06,0.5933578014373779,0.8203200101852417,0.6375591158866882,0.8101999759674072
273,9.999999747378752e-06,0.5975638628005981,0.8211399912834167,0.6368415355682373,0.810699999332428
274,9.999999747378752e-06,0.5943589210510254,0.8198999762535095,0.6370862722396851,0.810699999332428
275,9.999999747378752e-06,0.5968238711357117,0.8209800124168396,0.6372857689857483,0.810699999332428
276,9.999999747378752e-06,0.5953367352485657,0.8209599852561951,0.6365579962730408,0.8105999827384949
277,9.999999747378752e-06,0.5924378633499146,0.8203399777412415,0.6368085145950317,0.8101000189781189
278,9.999999747378752e-06,0.5921098589897156,0.8218600153923035,0.6357800960540771,0.8101999759674072
279,9.999999747378752e-06,0.592551052570343,0.8202000260353088,0.6364368796348572,0.8098000288009644
280,9.999999747378752e-06,0.5918968915939331,0.8216999769210815,0.6362738013267517,0.8109999895095825
281,9.999999747378752e-06,0.5934068560600281,0.8199599981307983,0.6359104514122009,0.8101999759674072
282,9.999999747378752e-06,0.5915180444717407,0.8209999799728394,0.6355412602424622,0.8104000091552734
283,9.999999747378752e-06,0.5892602205276489,0.8220999836921692,0.6352691054344177,0.8116999864578247
284,9.999999747378752e-06,0.5904788970947266,0.8216800093650818,0.6351559162139893,0.8102999925613403
285,9.999999747378752e-06,0.591661810874939,0.8208600282669067,0.6344614624977112,0.8112000226974487
286,9.999999747378752e-06,0.5911366939544678,0.8204200267791748,0.6354649066925049,0.8112000226974487
287,9.999999747378752e-06,0.5875665545463562,0.8237199783325195,0.6339868903160095,0.8113999962806702
288,9.999999747378752e-06,0.5910310745239258,0.8228800296783447,0.6350771188735962,0.8112999796867371
289,9.999999747378752e-06,0.5922813415527344,0.8203999996185303,0.6332789063453674,0.8122000098228455
290,9.999999747378752e-06,0.5853208899497986,0.8223400115966797,0.6335673928260803,0.8108999729156494
291,9.999999747378752e-06,0.5887259244918823,0.8212000131607056,0.6333762407302856,0.8115000128746033
292,9.999999747378752e-06,0.585652232170105,0.8227199912071228,0.6346647143363953,0.8112999796867371
293,9.999999747378752e-06,0.5866956114768982,0.8222799897193909,0.6340473890304565,0.8098999857902527
294,9.999999747378752e-06,0.5904215574264526,0.8210800290107727,0.6328602433204651,0.8108000159263611
295,9.999999747378752e-06,0.5901424884796143,0.8212199807167053,0.6336684823036194,0.8109999895095825
296,9.999999747378752e-06,0.5887963771820068,0.8216000199317932,0.6331436038017273,0.8118000030517578
297,9.999999747378752e-06,0.5875953435897827,0.8220800161361694,0.6321710348129272,0.8115000128746033
298,9.999999747378752e-06,0.588882565498352,0.8213800191879272,0.6309250593185425,0.8119999766349792
299,9.999999747378752e-06,0.5865017771720886,0.8236799836158752,0.6318839192390442,0.8112000226974487
300,9.999999747378752e-06,0.5867571234703064,0.8219199776649475,0.632089376449585,0.8109999895095825
301,9.999999747378752e-06,0.5851979851722717,0.8252000212669373,0.6307430863380432,0.8119000196456909
302,9.999999747378752e-06,0.5873336791992188,0.8228399753570557,0.6322659850120544,0.8104000091552734
303,9.999999747378752e-06,0.5838415622711182,0.824400007724762,0.6318171620368958,0.8116999864578247
304,9.999999747378752e-06,0.5896508097648621,0.8217999935150146,0.6317583918571472,0.8123000264167786
305,9.999999747378752e-06,0.5865468382835388,0.8213599920272827,0.6312264800071716,0.8119000196456909
306,9.999999747378752e-06,0.5834673643112183,0.8249800205230713,0.6320787072181702,0.8116000294685364
307,9.999999747378752e-06,0.5845987796783447,0.8243799805641174,0.6310142874717712,0.8112999796867371
308,9.999999747378752e-06,0.5842705368995667,0.823419988155365,0.6308180689811707,0.8122000098228455
309,9.999999747378752e-06,0.5842312574386597,0.8229600191116333,0.631939172744751,0.8116000294685364
310,9.999999747378752e-06,0.5853528380393982,0.8216800093650818,0.6304080486297607,0.8123999834060669
311,9.999999747378752e-06,0.5823150277137756,0.8242800235748291,0.6299205422401428,0.8129000067710876
312,9.999999747378752e-06,0.5833785533905029,0.8245199918746948,0.6295912861824036,0.8127999901771545
313,9.999999747378752e-06,0.5831957459449768,0.8237800002098083,0.6293069124221802,0.8123999834060669
314,9.999999747378752e-06,0.5807066559791565,0.8262400031089783,0.6298577189445496,0.8120999932289124
315,9.999999747378752e-06,0.5830917358398438,0.8241599798202515,0.6307802796363831,0.8111000061035156
316,9.999999747378752e-06,0.5834811925888062,0.8230199813842773,0.6295300722122192,0.8129000067710876
317,9.999999747378752e-06,0.5805747509002686,0.8248599767684937,0.6291269063949585,0.8118000030517578
318,9.999999747378752e-06,0.5821847915649414,0.8224599957466125,0.6292086243629456,0.8126000165939331
319,9.999999747378752e-06,0.580701470375061,0.8243799805641174,0.6297113299369812,0.8119000196456909
320,9.999999747378752e-06,0.5789730548858643,0.8233799934387207,0.6292978525161743,0.8127999901771545
321,9.999999747378752e-06,0.5803632140159607,0.8242999911308289,0.6282967925071716,0.8123999834060669
322,9.999999747378752e-06,0.5812107920646667,0.824720025062561,0.628109872341156,0.8130000233650208
323,9.999999747378752e-06,0.5819544792175293,0.8232600092887878,0.6284477710723877,0.8130999803543091
324,9.999999747378752e-06,0.5824294686317444,0.8261799812316895,0.6287983059883118,0.8123000264167786
325,9.999999747378752e-06,0.5779476761817932,0.8252400159835815,0.6274927854537964,0.8119000196456909
326,9.999999747378752e-06,0.5784347057342529,0.8255400061607361,0.6287270784378052,0.8115000128746033
327,9.999999747378752e-06,0.5767322778701782,0.8237800002098083,0.626707136631012,0.8133000135421753
328,9.999999747378752e-06,0.5785496830940247,0.8259400129318237,0.6271401643753052,0.8130000233650208
329,9.999999747378752e-06,0.5791577100753784,0.8244400024414062,0.6269629001617432,0.8126999735832214
330,9.999999747378752e-06,0.5794604420661926,0.8246999979019165,0.627483606338501,0.8130999803543091
331,9.999999747378752e-06,0.5797818899154663,0.8252000212669373,0.6271302700042725,0.8125
332,9.999999747378752e-06,0.5796063542366028,0.8255400061607361,0.6256341934204102,0.8137999773025513
333,9.999999747378752e-06,0.5766908526420593,0.8255800008773804,0.6263638138771057,0.8136000037193298
334,9.999999747378752e-06,0.574530839920044,0.8264200091362,0.6261489987373352,0.8119000196456909
335,9.999999747378752e-06,0.5803389549255371,0.8241400122642517,0.6264306902885437,0.8133999705314636
336,9.999999747378752e-06,0.5760582089424133,0.8275399804115295,0.6253282427787781,0.8129000067710876
337,9.999999747378752e-06,0.5774118304252625,0.8256199955940247,0.6252838373184204,0.8137000203132629
338,9.999999747378752e-06,0.5721962451934814,0.8279399871826172,0.6252756118774414,0.8137999773025513
339,9.999999747378752e-06,0.5755965113639832,0.8266199827194214,0.6254028081893921,0.8130000233650208
340,9.999999747378752e-06,0.5751022100448608,0.8263400197029114,0.6268132925033569,0.8115000128746033
341,9.999999747378752e-06,0.5761746764183044,0.8243200182914734,0.6259764432907104,0.8130000233650208
342,9.999999747378752e-06,0.5714091658592224,0.8281800150871277,0.6250638961791992,0.8130000233650208
343,9.999999747378752e-06,0.5738704204559326,0.827459990978241,0.6245626211166382,0.8133999705314636
344,9.999999747378752e-06,0.5733100175857544,0.8266599774360657,0.6249739527702332,0.8131999969482422
345,9.999999747378752e-06,0.5748065114021301,0.8266199827194214,0.6235763430595398,0.8130000233650208
346,9.999999747378752e-06,0.5759076476097107,0.8262400031089783,0.6240497827529907,0.8130999803543091
347,9.999999747378752e-06,0.5707773566246033,0.8289200067520142,0.6226550936698914,0.8134999871253967
348,9.999999747378752e-06,0.5748583078384399,0.8254600167274475,0.6240670680999756,0.8130000233650208
349,9.999999747378752e-06,0.5734516382217407,0.8268600106239319,0.6232658624649048,0.8131999969482422
350,9.999999747378752e-06,0.5751511454582214,0.827180027961731,0.6237973570823669,0.8137999773025513
351,9.999999747378752e-06,0.571191668510437,0.82805997133255,0.623269259929657,0.8144000172615051
352,9.999999747378752e-06,0.5707392692565918,0.8281599879264832,0.6230459213256836,0.8144000172615051
353,9.999999747378752e-06,0.5706186890602112,0.826479971408844,0.6241880059242249,0.8137999773025513
354,9.999999747378752e-06,0.570317268371582,0.8275200128555298,0.622477650642395,0.8152999877929688
355,9.999999747378752e-06,0.5714342594146729,0.8284000158309937,0.6217531561851501,0.8145999908447266
356,9.999999747378752e-06,0.5736597776412964,0.8242400288581848,0.6224322319030762,0.8141000270843506
357,9.999999747378752e-06,0.5711259245872498,0.8271999955177307,0.6229721903800964,0.8144000172615051
358,9.999999747378752e-06,0.5704111456871033,0.8289399743080139,0.6221349835395813,0.814300000667572
359,9.999999747378752e-06,0.5690687894821167,0.8275200128555298,0.6218222379684448,0.8144999742507935
360,9.999999747378752e-06,0.571251630783081,0.8278200030326843,0.6214872002601624,0.8148999810218811
361,9.999999747378752e-06,0.568995475769043,0.8287000060081482,0.6224547624588013,0.8140000104904175
362,9.999999747378752e-06,0.5681087374687195,0.8278200030326843,0.6218491196632385,0.8136000037193298
363,9.999999747378752e-06,0.5679135322570801,0.828000009059906,0.6203274130821228,0.8148999810218811
364,9.999999747378752e-06,0.5665020942687988,0.8274999856948853,0.6212069392204285,0.8138999938964844
365,9.999999747378752e-06,0.5683637857437134,0.830020010471344,0.6211011409759521,0.8144000172615051
366,9.999999747378752e-06,0.5671572089195251,0.8290200233459473,0.6205383539199829,0.8141000270843506
367,9.999999747378752e-06,0.568272590637207,0.828819990158081,0.620421290397644,0.8147000074386597
368,9.999999747378752e-06,0.5655286908149719,0.8284599781036377,0.6200711727142334,0.8140000104904175
369,9.999999747378752e-06,0.5651124119758606,0.8285199999809265,0.6202844977378845,0.8138999938964844
370,9.999999747378752e-06,0.5685550570487976,0.8274400234222412,0.6201261878013611,0.8141999840736389
371,9.999999747378752e-06,0.5662320852279663,0.8282399773597717,0.6198453307151794,0.8151000142097473
372,9.999999747378752e-06,0.5681526064872742,0.8278599977493286,0.6190170049667358,0.8149999976158142
373,9.999999747378752e-06,0.565945565700531,0.8281000256538391,0.6197678446769714,0.8148999810218811
374,9.999999747378752e-06,0.56935715675354,0.8274800181388855,0.6185203194618225,0.815500020980835
375,9.999999747378752e-06,0.5656933188438416,0.829479992389679,0.6185871958732605,0.8148000240325928
376,9.999999747378752e-06,0.5617902874946594,0.830299973487854,0.6182379126548767,0.815500020980835
377,9.999999747378752e-06,0.5645541548728943,0.8276200294494629,0.6189550757408142,0.8148999810218811
378,9.999999747378752e-06,0.5645241737365723,0.8284400105476379,0.6188281178474426,0.8149999976158142
379,9.999999747378752e-06,0.5652832984924316,0.8285800218582153,0.6183340549468994,0.8151000142097473
380,9.999999747378752e-06,0.5655847191810608,0.828980028629303,0.6183049082756042,0.8141999840736389
381,9.999999747378752e-06,0.5648391842842102,0.8274400234222412,0.6181749105453491,0.8137999773025513
382,9.999999747378752e-06,0.5627373456954956,0.8294199705123901,0.6176299452781677,0.8148000240325928
383,9.999999747378752e-06,0.564352810382843,0.8285199999809265,0.6172119379043579,0.8154000043869019
384,9.999999747378752e-06,0.5633412003517151,0.8296399712562561,0.6175805330276489,0.8151000142097473
385,9.999999747378752e-06,0.5613860487937927,0.8314200043678284,0.6177868247032166,0.8151000142097473
386,9.999999747378752e-06,0.563717246055603,0.8281000256538391,0.6179302930831909,0.8152999877929688
387,9.999999747378752e-06,0.5624396204948425,0.8300399780273438,0.6171725988388062,0.8158000111579895
388,9.999999747378752e-06,0.5623999834060669,0.828760027885437,0.6171241402626038,0.8151000142097473
389,9.999999747378752e-06,0.5613818168640137,0.830079972743988,0.6174863576889038,0.8141000270843506
390,9.999999747378752e-06,0.5606667399406433,0.8310400247573853,0.6166462898254395,0.8155999779701233
391,9.999999747378752e-06,0.5607041716575623,0.8300600051879883,0.6173350811004639,0.8152999877929688
392,9.999999747378752e-06,0.5624904036521912,0.829259991645813,0.6170605421066284,0.8151999711990356
393,9.999999747378752e-06,0.5581333041191101,0.8291400074958801,0.6164994835853577,0.8152999877929688
394,9.999999747378752e-06,0.5569185614585876,0.831279993057251,0.616902768611908,0.8155999779701233
395,9.999999747378752e-06,0.5621136426925659,0.8303200006484985,0.616988480091095,0.8148000240325928
396,9.999999747378752e-06,0.5601201057434082,0.8301799893379211,0.6159992814064026,0.8154000043869019
397,9.999999747378752e-06,0.5593075752258301,0.8301399946212769,0.6161214113235474,0.8156999945640564
398,9.999999747378752e-06,0.558601438999176,0.8281999826431274,0.6156979203224182,0.8166000247001648
399,9.999999747378752e-06,0.5584731101989746,0.8314800262451172,0.6157295107841492,0.8156999945640564
400,9.999999747378752e-06,0.5595514178276062,0.829200029373169,0.6151257753372192,0.8154000043869019
401,9.999999747378752e-06,0.5566651225090027,0.8312199711799622,0.6156530380249023,0.8159999847412109
402,9.999999747378752e-06,0.558862566947937,0.8321800231933594,0.6145808100700378,0.8158000111579895
403,9.999999747378752e-06,0.5570957064628601,0.8321599960327148,0.6148310303688049,0.8165000081062317
404,9.999999747378752e-06,0.5585539937019348,0.8309999704360962,0.6143988966941833,0.8156999945640564
405,9.999999747378752e-06,0.556304931640625,0.8325600028038025,0.6143949031829834,0.8166000247001648
406,9.999999747378752e-06,0.5567607879638672,0.8321999907493591,0.6134646534919739,0.8163999915122986
407,9.999999747378752e-06,0.5568617582321167,0.8308200240135193,0.6136653423309326,0.8165000081062317
408,9.999999747378752e-06,0.5558242797851562,0.8328199982643127,0.6145192384719849,0.8159999847412109
409,9.999999747378752e-06,0.5572419166564941,0.8307200074195862,0.6142032742500305,0.8159999847412109
410,9.999999747378752e-06,0.5536401271820068,0.8318600058555603,0.6139357686042786,0.8162000179290771
411,9.999999747378752e-06,0.5527252554893494,0.8327199816703796,0.6132452487945557,0.8166999816894531
412,9.999999747378752e-06,0.5582842230796814,0.8308799862861633,0.6127495169639587,0.8166999816894531
413,9.999999747378752e-06,0.5546850562095642,0.831279993057251,0.612714946269989,0.8166000247001648
414,9.999999747378752e-06,0.5535324215888977,0.833299994468689,0.613102376461029,0.8159999847412109
415,9.999999747378752e-06,0.5519486665725708,0.8349199891090393,0.6122259497642517,0.8169999718666077
416,9.999999747378752e-06,0.5510621666908264,0.8329600095748901,0.6119865775108337,0.8163999915122986
417,9.999999747378752e-06,0.556019127368927,0.8313800096511841,0.6126445531845093,0.8174999952316284
418,9.999999747378752e-06,0.5534629225730896,0.8319399952888489,0.6122259497642517,0.8167999982833862
419,9.999999747378752e-06,0.551074743270874,0.8331599831581116,0.6125227808952332,0.8166999816894531
420,9.999999747378752e-06,0.5542954802513123,0.833620011806488,0.6107027530670166,0.8174999952316284
421,9.999999747378752e-06,0.5546525716781616,0.8327000141143799,0.6113069653511047,0.8170999884605408
422,9.999999747378752e-06,0.555671751499176,0.8320199847221375,0.6119852662086487,0.8170999884605408
423,9.999999747378752e-06,0.5517091155052185,0.8322799801826477,0.6105583906173706,0.8167999982833862
424,9.999999747378752e-06,0.5499126315116882,0.8333200216293335,0.6112962365150452,0.8167999982833862
425,9.999999747378752e-06,0.553375244140625,0.8317000269889832,0.6113409399986267,0.8169999718666077
426,9.999999747378752e-06,0.553993821144104,0.8334400057792664,0.6105175018310547,0.8172000050544739
427,9.999999747378752e-06,0.5477327108383179,0.8349800109863281,0.6107178330421448,0.8162000179290771
428,9.999999747378752e-06,0.5520753264427185,0.8319799900054932,0.610567569732666,0.8167999982833862
429,9.999999747378752e-06,0.549148440361023,0.8334800004959106,0.6106066107749939,0.8166999816894531
430,9.999999747378752e-06,0.5502398610115051,0.8324599862098694,0.6106482148170471,0.8169999718666077
431,9.999999747378752e-06,0.5529910326004028,0.8327599763870239,0.6105259656906128,0.816100001335144
432,9.999999747378752e-06,0.5477434992790222,0.8336399793624878,0.6103703379631042,0.8162999749183655
433,9.999999747378752e-06,0.5496515035629272,0.832099974155426,0.6103090047836304,0.8163999915122986
434,9.999999747378752e-06,0.5503571629524231,0.8320599794387817,0.6101593971252441,0.8169000148773193
435,9.999999747378752e-06,0.5504792332649231,0.8346800208091736,0.6099143028259277,0.8167999982833862
436,9.999999747378752e-06,0.5525897741317749,0.8333600163459778,0.6100365519523621,0.8167999982833862
437,9.999999747378752e-06,0.5505595207214355,0.8331000208854675,0.6096904277801514,0.8169999718666077
438,9.999999747378752e-06,0.5486461520195007,0.8333600163459778,0.6095468997955322,0.8183000087738037
439,9.999999747378752e-06,0.5486271381378174,0.8347799777984619,0.6098925471305847,0.8169000148773193
440,9.999999747378752e-06,0.548487663269043,0.8336399793624878,0.6086748242378235,0.8176000118255615
441,9.999999747378752e-06,0.5497706532478333,0.8311799764633179,0.6089267730712891,0.8180000185966492
442,9.999999747378752e-06,0.5455716848373413,0.8356000185012817,0.6087435483932495,0.8184000253677368
443,9.999999747378752e-06,0.5471753478050232,0.8331000208854675,0.6087808012962341,0.8176000118255615
444,9.999999747378752e-06,0.5491877794265747,0.8332200050354004,0.6091212630271912,0.8172000050544739
445,9.999999747378752e-06,0.5463623404502869,0.8332800269126892,0.6081240177154541,0.817300021648407
446,9.999999747378752e-06,0.5474252700805664,0.8340200185775757,0.6081228256225586,0.8185999989509583
447,9.999999747378752e-06,0.5445032715797424,0.834659993648529,0.6076567769050598,0.8183000087738037
448,9.999999747378752e-06,0.5465357303619385,0.83433997631073,0.608651876449585,0.8173999786376953
449,9.999999747378752e-06,0.5471897125244141,0.8358399868011475,0.6083664298057556,0.817799985408783
450,9.999999747378752e-06,0.5447933077812195,0.8328999876976013,0.6076366901397705,0.8174999952316284
451,9.999999747378752e-06,0.5434085726737976,0.8364199995994568,0.6086642742156982,0.8169000148773193
452,9.999999747378752e-06,0.5430566072463989,0.8361200094223022,0.6077277660369873,0.8174999952316284
453,9.999999747378752e-06,0.5447685718536377,0.8345800042152405,0.6074865460395813,0.817799985408783
454,9.999999747378752e-06,0.5432455539703369,0.8353599905967712,0.6064228415489197,0.8181999921798706
455,9.999999747378752e-06,0.5439742207527161,0.8347200155258179,0.6070846915245056,0.8176000118255615
456,9.999999747378752e-06,0.5456296801567078,0.8345000147819519,0.6067163348197937,0.8172000050544739
457,9.999999747378752e-06,0.541342556476593,0.8359799981117249,0.6058269143104553,0.8183000087738037
458,9.999999747378752e-06,0.5466569662094116,0.8341400027275085,0.6074967384338379,0.8170999884605408
459,9.999999747378752e-06,0.5436161160469055,0.8355399966239929,0.6059783101081848,0.8179000020027161
460,9.999999747378752e-06,0.5440950989723206,0.8335599899291992,0.6054623126983643,0.8181999921798706
461,9.999999747378752e-06,0.5424546003341675,0.8352599740028381,0.6050934195518494,0.8184999823570251
462,9.999999747378752e-06,0.5431802272796631,0.8356999754905701,0.604991614818573,0.8177000284194946
463,9.999999747378752e-06,0.5429087281227112,0.8358200192451477,0.6057241559028625,0.8176000118255615
464,9.999999747378752e-06,0.5421687364578247,0.8354399800300598,0.6066069602966309,0.817300021648407
465,9.999999747378752e-06,0.541427731513977,0.8363999724388123,0.605475664138794,0.8180000185966492
466,9.999999747378752e-06,0.5405228734016418,0.8352000117301941,0.6049917936325073,0.8181999921798706
467,9.999999747378752e-06,0.5426482558250427,0.8341400027275085,0.6058033108711243,0.817799985408783
468,9.999999747378752e-06,0.538828432559967,0.8345400094985962,0.6059836149215698,0.8177000284194946
469,9.999999747378752e-06,0.5407248139381409,0.8350600004196167,0.6059309244155884,0.8173999786376953
470,9.999999747378752e-06,0.5404608249664307,0.8351799845695496,0.6048663854598999,0.8181999921798706
471,9.999999747378752e-06,0.5428798198699951,0.8349199891090393,0.6047521233558655,0.8187000155448914
472,9.999999747378752e-06,0.5385499000549316,0.8360199928283691,0.6046928763389587,0.8173999786376953
473,9.999999747378752e-06,0.5399772524833679,0.8363199830055237,0.6049526929855347,0.8179000020027161
474,9.999999747378752e-06,0.5391176342964172,0.8378400206565857,0.6038387417793274,0.8187000155448914
475,9.999999747378752e-06,0.5385799407958984,0.836080014705658,0.6037538647651672,0.8183000087738037
476,9.999999747378752e-06,0.5379796624183655,0.8373600244522095,0.6037832498550415,0.8188999891281128
477,9.999999747378752e-06,0.539565920829773,0.8355799913406372,0.6029813289642334,0.8188999891281128
478,9.999999747378752e-06,0.5417059659957886,0.8358399868011475,0.6041462421417236,0.8185999989509583
479,9.999999747378752e-06,0.5368497371673584,0.8367999792098999,0.6032131910324097,0.8187000155448914
480,9.999999747378752e-06,0.5382438898086548,0.8365399837493896,0.6035292148590088,0.8180999755859375
481,9.999999747378752e-06,0.5388309955596924,0.8356000185012817,0.603368878364563,0.8191999793052673
482,9.999999747378752e-06,0.5402755737304688,0.8355000019073486,0.603201150894165,0.8183000087738037
483,9.999999747378752e-06,0.5375181436538696,0.835860013961792,0.6033657789230347,0.8184999823570251
484,9.999999747378752e-06,0.5384359359741211,0.8352599740028381,0.6022568941116333,0.8194000124931335
485,9.999999747378752e-06,0.5362058281898499,0.837440013885498,0.6024871468544006,0.819599986076355
486,9.999999747378752e-06,0.5397217273712158,0.8357800245285034,0.6024250984191895,0.8195000290870667
487,9.999999747378752e-06,0.5385600924491882,0.835919976234436,0.602500855922699,0.8183000087738037
488,9.999999747378752e-06,0.5356293320655823,0.83815997838974,0.602216899394989,0.8187999725341797
489,9.999999747378752e-06,0.5359733700752258,0.8371400237083435,0.602058470249176,0.8180000185966492
490,9.999999747378752e-06,0.5340282917022705,0.8380799889564514,0.6014252305030823,0.8190000057220459
491,9.999999747378752e-06,0.5361000895500183,0.8367599844932556,0.6018250584602356,0.819100022315979
492,9.999999747378752e-06,0.5342715382575989,0.8368200063705444,0.602238655090332,0.8179000020027161
493,9.999999747378752e-06,0.5374934077262878,0.8365600109100342,0.6018766164779663,0.8192999958992004
494,9.999999747378752e-06,0.5361859202384949,0.8375999927520752,0.6014490127563477,0.8187000155448914
495,9.999999747378752e-06,0.5364777445793152,0.8353999853134155,0.6011806726455688,0.819100022315979
496,9.999999747378752e-06,0.5331184267997742,0.8384400010108948,0.6015798449516296,0.8187999725341797
497,9.999999747378752e-06,0.5353555679321289,0.8375399708747864,0.6019459366798401,0.8190000057220459
498,9.999999747378752e-06,0.5342689752578735,0.838100016117096,0.600794792175293,0.8190000057220459
499,9.999999747378752e-06,0.5352523922920227,0.8368600010871887,0.6009418964385986,0.8191999793052673
500,9.999999747378752e-06,0.5306918621063232,0.8391600251197815,0.6001639366149902,0.8184999823570251
